<?xml version="1.0" encoding="UTF-8"?>
<project-private xmlns="http://www.netbeans.org/ns/project-private/1">
    <editor-bookmarks xmlns="http://www.netbeans.org/ns/editor-bookmarks/2" lastBookmarkId="0"/>
    <open-files xmlns="http://www.netbeans.org/ns/projectui-open-files/2">
        <group>
            <file>file:/C:/Users/Savage/Documents/NetBeansProjects/Gestion_Des_Etudiants/src/gestion_des_etudiants/Login.java</file>
            <file>file:/C:/Users/Savage/Documents/NetBeansProjects/Gestion_Des_Etudiants/src/gestion_des_etudiants/Boite_Dialog.java</file>
            <file>file:/C:/Users/Savage/Documents/NetBeansProjects/Gestion_Des_Etudiants/src/gestion_des_etudiants/connection.java</file>
            <file>file:/C:/Users/Savage/Documents/NetBeansProjects/Gestion_Des_Etudiants/src/gestion_des_etudiants/Acceuil.java</file>
        </group>
    </open-files>
</project-private>
